ID,Comment Text,Subreddit,Post,Subreddit ID,Post ID
1,Every Republican politcal ad I got didn‚Äôt talk about their policies. Only How ‚Äòevil‚Äô their opponent was,politics,https://www.reddit.com/r/politics/comments/ypk6ho/nancy_pelosi_responds_to_trump_musk_conspiracy/,2cneq,ypk6ho
2,"Hey, remember like 2 weeks ago when some guy who bought into all those conspiracy theories broke into her house intending to assassinate her?

And, upon not finding her there, put her husband into the hospital with head/brain injuries?

And the entire Republican party's reaction was, ""lol don't care she deserves it.""

And Musk, newly minted owner of Twitter, tweeted out that this would-be assassin was actually her husband's gay drug addled lover?

And hey, just for funsies, remember like 1 year and 10 months ago when a whooooole lotta these same conspiracy-addled Trump devotees broke into her workplace intending to assassinate her? And her colleagues?

This isn't sad. It's dangerous. And sooner than later, one of these assassination attempts will succeed.",politics,https://www.reddit.com/r/politics/comments/ypk6ho/nancy_pelosi_responds_to_trump_musk_conspiracy/,2cneq,ypk6ho
3,It is really sad. An 80 y.o. man was hit in the head with a hammer by a crazy man and they can't even feel empathy for 1 moment. They can't even condemn the violence in a tweet? It takes your breath away.,politics,https://www.reddit.com/r/politics/comments/ypk6ho/nancy_pelosi_responds_to_trump_musk_conspiracy/,2cneq,ypk6ho
4,"It's amazing how much Republican vilify her. They are just so enraged that she is outspoken and calls them out directly. The crazy thing is that they don't then attempt to dig into get policies, her viewpoints or her track record. Instead they just go straight into personal attacks and wild conspiracy. I mean, I know it's because they lack the substance or justification to be as aggressive and hateful as they are but it's still amazing to watch them seethe.",politics,https://www.reddit.com/r/politics/comments/ypk6ho/nancy_pelosi_responds_to_trump_musk_conspiracy/,2cneq,ypk6ho
5,Nancys true feelings about Trump were shown in the Jan. 6 hearings. I wish she would be more brutal on the record too.,politics,https://www.reddit.com/r/politics/comments/ypk6ho/nancy_pelosi_responds_to_trump_musk_conspiracy/,2cneq,ypk6ho
6,"Fox News is a domestic terrorist organization. Rhetoric is one thing, but amping your voters up to domestic violence, even implicitly accepting it, is a hard line that they've clearly already crossed.

Where else do the crazies get their ideas? Sigh.",politics,https://www.reddit.com/r/politics/comments/ypk6ho/nancy_pelosi_responds_to_trump_musk_conspiracy/,2cneq,ypk6ho
7,"Off with Her Head: Three Thousand Years of Demonizing Women in Power by Eleanor Herman

""There is a particular kind of rage‚Äîlet‚Äôs call it unadulterated bloodlust‚Äîusually reserved for women, especially women in power or vying for it. From the ancient world, through the European Renaissance, up to the most recent U.S. elections, the Misogynist‚Äôs Handbook, as Eleanor Herman calls it, has been wielded to put uppity women in their place.""

https://www.barnesandnoble.com/w/off-with-her-head-eleanor-herman/1140665561",politics,https://www.reddit.com/r/politics/comments/ypk6ho/nancy_pelosi_responds_to_trump_musk_conspiracy/,2cneq,ypk6ho
8,It‚Äôs disgusting. Biden‚Äôs so right when he says Republicans are honest. Pro life when it comes to babies but not the lives of the other side of the aisle‚Äî or their own constituents. Let‚Äôs use today to make sure our vote and our friends votes makes this party the Permanent Minority.,politics,https://www.reddit.com/r/politics/comments/ypk6ho/nancy_pelosi_responds_to_trump_musk_conspiracy/,2cneq,ypk6ho
9,This was the second attempted assassination. We need to treat it like that. Calling it sad is an understatement.,politics,https://www.reddit.com/r/politics/comments/ypk6ho/nancy_pelosi_responds_to_trump_musk_conspiracy/,2cneq,ypk6ho
10,it's honestly insane that republicans have to force themselves to pretend that it's more likely that the husband of one of the most powerful people in america was having a gay affair with a random 42 year old schizophrenic rather than a crazy person broke in and attacked him.,politics,https://www.reddit.com/r/politics/comments/ypk6ho/nancy_pelosi_responds_to_trump_musk_conspiracy/,2cneq,ypk6ho
11,Why would Florida Governor Ron DeSantis want to stop people from monitoring the election in Florida?,politics,https://www.reddit.com/r/politics/comments/yppg9y/desantis_official_says_justice_dept_cant_send/,2cneq,yppg9y
12,"The DoJ is sending them to: Broward County, Florida; Miami-Dade County, Florida; Palm Beach County, Florida; (via a DoJ press release)

They were allowed in 2020: Broward County, Florida; Duval County, Florida; Hillsborough County, Florida; Miami-Dade County, Florida; Orange County, Florida; Palm Beach County, Florida;

And 2018: DeSoto County, Florida; Palm Beach County, Florida; Pinellas County, Florida;

And 2016: Hillsborough County, Florida; Lee County, Florida; Miami-Dade County, Florida; Orange County, Florida; Palm Beach County, Florida;

And 2014 Duval County, Florida; Hillsborough County, Florida; Lee County, Florida; Orange County, Florida;

And 2012: Duval County, Fla.; Hendry County , Fl a.; Hillsborough County, Fla.; Lee County, Fla.; Miami-Dade County, Fla.; Orange County, Fla.; Osceola County, Fla.;",politics,https://www.reddit.com/r/politics/comments/yppg9y/desantis_official_says_justice_dept_cant_send/,2cneq,yppg9y
13,DeSantis has no authority to stop the DOJ monitoring.,politics,https://www.reddit.com/r/politics/comments/yppg9y/desantis_official_says_justice_dept_cant_send/,2cneq,yppg9y
14,Just have em wear ski masks and sit on tailgates in the parking lot drinking Natural Light while waving around ARs and .45s. DeSantis will mistake them for one of his fascist clowns and welcome them right on in.,politics,https://www.reddit.com/r/politics/comments/yppg9y/desantis_official_says_justice_dept_cant_send/,2cneq,yppg9y
15,"Lmao.

""Vioation of state law"". Sorry dude, that's not how a Federalist system of government works. If the federal government legally has the ability to do it, there is no state law that can stop it.

I love these ""constitutionalists"" that willfully misinterpret the constitution.",politics,https://www.reddit.com/r/politics/comments/yppg9y/desantis_official_says_justice_dept_cant_send/,2cneq,yppg9y
16,"I thought we wanted more transparency in our elections, weird‚Ä¶",politics,https://www.reddit.com/r/politics/comments/yppg9y/desantis_official_says_justice_dept_cant_send/,2cneq,yppg9y
17,"Republicans: we want accountability!

Also Republicans: dOnT lOoK aT wHaT wE dO!",politics,https://www.reddit.com/r/politics/comments/yppg9y/desantis_official_says_justice_dept_cant_send/,2cneq,yppg9y
18,The fix is in. Desantis is a fascist first.,politics,https://www.reddit.com/r/politics/comments/yppg9y/desantis_official_says_justice_dept_cant_send/,2cneq,yppg9y
19,"Biden should deal with DeSantis the way Kennedy dealt with George Wallace, governor of Alabama, when Wallace stood in the doorway of the University of Alabama to block the entry of black students.

Kennedy sent in a National Guard general accompanied by 4 sergeants and federal marshals to escort the students into the university. News media showing federal marshals escorting voters into the polls would be a great talking point for a speech by Biden and other Democrats. If DeSantis and the GOP want a show, let's give them a show.",politics,https://www.reddit.com/r/politics/comments/yppg9y/desantis_official_says_justice_dept_cant_send/,2cneq,yppg9y
20,"Let me guess, the 3 Counties with the most brown people in it?",politics,https://www.reddit.com/r/politics/comments/yppg9y/desantis_official_says_justice_dept_cant_send/,2cneq,yppg9y
21,"Let's not forget that in the Republican primary to be the candidate for this very race, the loser (McCormick) sued to have undated ballots counted and the courts agreed with him.",politics,https://www.reddit.com/r/politics/comments/yp9w10/fetterman_sues_to_have_mailin_ballots_counted/,2cneq,yp9w10
22,The date serves no administrative purpose. The timestamp/postmark is what determines eligibility. It is literally useless for anything except rejecting ballots,politics,https://www.reddit.com/r/politics/comments/yp9w10/fetterman_sues_to_have_mailin_ballots_counted/,2cneq,yp9w10
23,"I was raised to believe that every vote is counted, not just the votes one party deems eligible. Republicans know that if everyone votes, they lose. Instead of proposing actual policies, they just make it harder to vote.

The few campaign ads I‚Äôve caught from Republicans have mentioned lowering costs for Americans. What is their plan? Every Republican voted against lowering costs for Americans. Every. Republican.

43 Senate Republicans went out of their way to strip a $35 cap on out-of-pocket insulin costs out of the bill.",politics,https://www.reddit.com/r/politics/comments/yp9w10/fetterman_sues_to_have_mailin_ballots_counted/,2cneq,yp9w10
24,If only there was some way to know whether ballots that arrived before election day arrived before election day...,politics,https://www.reddit.com/r/politics/comments/yp9w10/fetterman_sues_to_have_mailin_ballots_counted/,2cneq,yp9w10
25,It's fuckin childish to eliminate people's ability in be heard on purposely nitpicks. Is it post marked or dropped in the box by the deadline? Then it should be accepted *in every fuckin state *,politics,https://www.reddit.com/r/politics/comments/yp9w10/fetterman_sues_to_have_mailin_ballots_counted/,2cneq,yp9w10
26,"There isn‚Äôt even a date to fill out on my ballot here in Oregon. It seems like a super unnecessary rule, and yet another way republicans are trying to suppress the vote. Disgraceful and undemocratic.",politics,https://www.reddit.com/r/politics/comments/yp9w10/fetterman_sues_to_have_mailin_ballots_counted/,2cneq,yp9w10
27,"When you say ""not signed with valid date"" do you mean ""they screwed up and put 2021"" or ""they didn't sign it at all""?",politics,https://www.reddit.com/r/politics/comments/yp9w10/fetterman_sues_to_have_mailin_ballots_counted/,2cneq,yp9w10
28,"If it's legal to mail a letter without writing the fucking date on it then a ballot without the date on the envelope is legal. Period. Fuck the GOP's various attempts at disenfranchisement. They know they can't win on the issues, so they have to use tricks and lies.",politics,https://www.reddit.com/r/politics/comments/yp9w10/fetterman_sues_to_have_mailin_ballots_counted/,2cneq,yp9w10
29,Amazing how many shills are out concerned with US elections are 5am eastern. I wonder what time it is in Moscow.,politics,https://www.reddit.com/r/politics/comments/yp9w10/fetterman_sues_to_have_mailin_ballots_counted/,2cneq,yp9w10
30,I'm in PA. I voted by mail-in ballot. Absolutely nowhere on any of the information does it provide a description of what a valid date is.,politics,https://www.reddit.com/r/politics/comments/yp9w10/fetterman_sues_to_have_mailin_ballots_counted/,2cneq,yp9w10
31,It's already bad but I'm afraid we've just seen the beginning of the batshit crazy they're going to bring us.,politics,https://www.reddit.com/r/politics/comments/yp4q98/a_maga_america_would_be_ugly/,2cneq,yp4q98
32,It already is ugly.,politics,https://www.reddit.com/r/politics/comments/yp4q98/a_maga_america_would_be_ugly/,2cneq,yp4q98
33,"MAGA America would be a complete roll back of every social gain made since the 1960's and rolling back what is left of the New Deal and Great society. Medicare, Medicaid and Social Security will be cut and destroyed. Food Stamps, public housing and what little social safety net there is cut. National Parks and public lands will be sold off to corporations and what little public good is left will be pimped out. Very little regulations would be kept in place leading to larger and larger boom bust cycles that robber barons will take advantage of.

It would be a complete reversal of every single positive outcome the US had in the 20th century all so that people can rob America blind and blame everyone else for it. It's fucking sad that this is not only a real possibility but something that is more inevitable than anything else.",politics,https://www.reddit.com/r/politics/comments/yp4q98/a_maga_america_would_be_ugly/,2cneq,yp4q98
34,"Will it take the republicans actually getting into power and stripping away oversight committees, worker & consumer protection agencies and reducing healthcare quality while corporate lines their pockets for maga to get it?

I don‚Äôt they ever will tbh, most seem to lack the qualities that allow for the smaller nuances in life such as awareness and thinking",politics,https://www.reddit.com/r/politics/comments/yp4q98/a_maga_america_would_be_ugly/,2cneq,yp4q98
35,"NYT: A MAGA America would be ugly!

Also NYT: We do everything possible to normalize MAGA voices and allow MAGA and fascist apologists to launder their ideas through our legitimacy.",politics,https://www.reddit.com/r/politics/comments/yp4q98/a_maga_america_would_be_ugly/,2cneq,yp4q98
36,"Man outta all the dystopian futures we could've headed towards, why'd it have to be this mix of Handmaid'a Tale and Idiocracy?",politics,https://www.reddit.com/r/politics/comments/yp4q98/a_maga_america_would_be_ugly/,2cneq,yp4q98
37,Are we pretending it didn't happen already? There were 4 years of it.,politics,https://www.reddit.com/r/politics/comments/yp4q98/a_maga_america_would_be_ugly/,2cneq,yp4q98
38,We live in MAGA America and it IS ugly.,politics,https://www.reddit.com/r/politics/comments/yp4q98/a_maga_america_would_be_ugly/,2cneq,yp4q98
39,It already was.. vote Tuesday yall üí™üèª,politics,https://www.reddit.com/r/politics/comments/yp4q98/a_maga_america_would_be_ugly/,2cneq,yp4q98
40,it would be a fascist america,politics,https://www.reddit.com/r/politics/comments/yp4q98/a_maga_america_would_be_ugly/,2cneq,yp4q98
41,This is the worst yet.,politics,https://www.reddit.com/r/politics/comments/ypjwog/georgias_governor_deputized_gop_vigilantes_to/,2cneq,ypjwog
42,"And just think, that dope Herschel Walker is all to happy to see the rights other black people taken away as long as it helps him win",politics,https://www.reddit.com/r/politics/comments/ypjwog/georgias_governor_deputized_gop_vigilantes_to/,2cneq,ypjwog
43,"Alton Russell wasn‚Äôt a lone ranger. I met with another vigilante, Pam Reardon, who was running for Vice Chair of the state Republican Party. Reardon personally challenged an astounding 32,000 voters. She admitted she never met a single one nor called any. She defended herself by saying, ‚ÄúI did not speak to the 32,000 people.‚Äù True, but she did challenge their right to vote.

These people are taking your rights away. Their goal is to subjugate you. They are not your opposition, they are your enemy.",politics,https://www.reddit.com/r/politics/comments/ypjwog/georgias_governor_deputized_gop_vigilantes_to/,2cneq,ypjwog
44,He only got into office due to voter suppression in the first place.,politics,https://www.reddit.com/r/politics/comments/ypjwog/georgias_governor_deputized_gop_vigilantes_to/,2cneq,ypjwog
45,Stealing democracy from the people. #JustRepublicanThings,politics,https://www.reddit.com/r/politics/comments/ypjwog/georgias_governor_deputized_gop_vigilantes_to/,2cneq,ypjwog
46,Any Republican in this thread want to try to defend this?,politics,https://www.reddit.com/r/politics/comments/ypjwog/georgias_governor_deputized_gop_vigilantes_to/,2cneq,ypjwog
47,"I wonder how much time it takes one person to challenge 32,000 votes. Could someone manage to do that to 300k old racist republicans today?",politics,https://www.reddit.com/r/politics/comments/ypjwog/georgias_governor_deputized_gop_vigilantes_to/,2cneq,ypjwog
48,"Trump asking Georgia for 11,780 votes? Not with our governor. If there's gonna be frauding it's gonna be for himself. Second time now...",politics,https://www.reddit.com/r/politics/comments/ypjwog/georgias_governor_deputized_gop_vigilantes_to/,2cneq,ypjwog
49,"‚ÄúWhat we are seeing is these vigilantes who are conspiracy theorists and are far right and they are challenging the eligibility of Georgians en masse.‚Äù 

I pray sane Georgians prevail.",politics,https://www.reddit.com/r/politics/comments/ypjwog/georgias_governor_deputized_gop_vigilantes_to/,2cneq,ypjwog
50,I'm not particularly surprised that the governor who supervised the vote count of his own election is implicated in challenging other voters and denying their vote.,politics,https://www.reddit.com/r/politics/comments/ypjwog/georgias_governor_deputized_gop_vigilantes_to/,2cneq,ypjwog
51,"The article says her campaign‚Äôs main talking point is inflation. I wonder how having no income affects her staff‚Äôs purchasing power‚Ä¶

No shame, no self-awareness, no chance of being a good choice for regular people ‚Äî so don‚Äôt be surprised if she wins it.",politics,https://www.reddit.com/r/politics/comments/yplacx/republican_candidate_admitting_shes_not_paid_team/,2cneq,yplacx
52,"Election with no proven fraud: stolen

Not paying people on your payroll: not stealing?",politics,https://www.reddit.com/r/politics/comments/yplacx/republican_candidate_admitting_shes_not_paid_team/,2cneq,yplacx
53,Honestly fuck her team. They're not victims They're participants.,politics,https://www.reddit.com/r/politics/comments/yplacx/republican_candidate_admitting_shes_not_paid_team/,2cneq,yplacx
54,She's just imitating the great orange one.,politics,https://www.reddit.com/r/politics/comments/yplacx/republican_candidate_admitting_shes_not_paid_team/,2cneq,yplacx
55,"That‚Äôs who you want in Congress, someone not giving a fuck about workers.",politics,https://www.reddit.com/r/politics/comments/yplacx/republican_candidate_admitting_shes_not_paid_team/,2cneq,yplacx
56,Following in Trumps footsteps a true believer in the Trump art of the deal. love it!,politics,https://www.reddit.com/r/politics/comments/yplacx/republican_candidate_admitting_shes_not_paid_team/,2cneq,yplacx
57,So she's modeling her campaign after Trump?,politics,https://www.reddit.com/r/politics/comments/yplacx/republican_candidate_admitting_shes_not_paid_team/,2cneq,yplacx
58,Doesn't matter - won't cost her a single vote.,politics,https://www.reddit.com/r/politics/comments/yplacx/republican_candidate_admitting_shes_not_paid_team/,2cneq,yplacx
59,"...is like saying, ""I can't pay my workers because I must keep the factory running.""",politics,https://www.reddit.com/r/politics/comments/yplacx/republican_candidate_admitting_shes_not_paid_team/,2cneq,yplacx
60,"Separate out of the politics of this.

Although it very rarely takes this exact form, this is not that uncommon in the slightly perverse way that American political campaigns work.

Campaigns regularly run up significant unpaid debts in the last few weeks of the campaign.

This is because political campaign organizations are legally able to continue to fundraise even after the election to retire campaign debts.

So it is actually really common for a winning candidate to then have a post-election fundraiser to pay off campaign debts.

Of course, if someone won, that means you're paying to get to hobnob with an elected official now.

On the other hand, if you lose it's much harder to raise that money.

So this is a pretty classic hail mary. Those unpaid wages are campaign debts and if she wins her workers will likely get paid, just late. If she loses they probably won't get paid.

Except, typically it's not campaign workers, because that creates some legal issues as well as the problem of the workers walking away in the last few days of the campaign.

Usually it's things like an unpaid Bill to the sign manufacturing shop or unpaid Bill to the newspaper or consultant fees or something else. Since citizens united TV companies have typically demanded 100% payment up front to book a TV advertising.",politics,https://www.reddit.com/r/politics/comments/yplacx/republican_candidate_admitting_shes_not_paid_team/,2cneq,yplacx
61,"Funniest part of this as a teacher is the cognitive dissonance.

Like, my kid will learn everything just by living.

But don't teach that subject, that'll stick and be your fault.

You're not needed for any other teaching though.

You suck.",politics,https://www.reddit.com/r/politics/comments/ypbaoc/most_americans_think_parents_should_be_able_to/,2cneq,ypbaoc
62,"They already can, it‚Äôs called homeschooling.",politics,https://www.reddit.com/r/politics/comments/ypbaoc/most_americans_think_parents_should_be_able_to/,2cneq,ypbaoc
63,Am I watching the real life version of The Waterboy with Mama Boucher teaching their children that everything they don't understand is the devil?,politics,https://www.reddit.com/r/politics/comments/ypbaoc/most_americans_think_parents_should_be_able_to/,2cneq,ypbaoc
64,That would only make us accelerate toward Idiocracy even faster.,politics,https://www.reddit.com/r/politics/comments/ypbaoc/most_americans_think_parents_should_be_able_to/,2cneq,ypbaoc
65,"You want stupid kids?

‚ÄòCause this is how you end up with stupid kids.",politics,https://www.reddit.com/r/politics/comments/ypbaoc/most_americans_think_parents_should_be_able_to/,2cneq,ypbaoc
66,"‚ÄúThey say a little knowledge is a dangerous thing, but it's not one half so bad as a lot of ignorance.‚Äù ‚ÄîTerry Pratchett",politics,https://www.reddit.com/r/politics/comments/ypbaoc/most_americans_think_parents_should_be_able_to/,2cneq,ypbaoc
67,"It‚Äôs terrifying how many facts and simple concepts scare parents away.

Sex education?! ‚ÄúOh hell no, nobody tells my daughter about condoms or birth control! I want her getting raw dogged without consent!‚Äù

Education is literally the key to kids making better decisions. It‚Äôs time these asswipes stop spitting in the face of the people trying to prepare their child for adulthood.",politics,https://www.reddit.com/r/politics/comments/ypbaoc/most_americans_think_parents_should_be_able_to/,2cneq,ypbaoc
68,"Poll pretty much shows voters really have no fucking idea what they want from schools.. pretty much reinforces my belief that ""parents should have a say"" is fucking dumb. It's politically popular but it's bad for students. Learning is one of the places we really actually should be elitist and basically just have experts completely in charge on.",politics,https://www.reddit.com/r/politics/comments/ypbaoc/most_americans_think_parents_should_be_able_to/,2cneq,ypbaoc
69,Send them to a private school then where they can learn the earth is 5000 years old and that everyone in Germany was taking a carnival cruise to Cabo during the years of 1933-1945. Otherwise be prepared for some fundamental truths that go against the narrative.,politics,https://www.reddit.com/r/politics/comments/ypbaoc/most_americans_think_parents_should_be_able_to/,2cneq,ypbaoc
70,This country is fucked.,politics,https://www.reddit.com/r/politics/comments/ypbaoc/most_americans_think_parents_should_be_able_to/,2cneq,ypbaoc
71,I find it extremely telling that Oprah said she would vote for Fetterman. Oz used to be on her show and she knows him personally.,politics,https://www.reddit.com/r/politics/comments/yphqv3/democrat_john_fetterman_vows_to_fight_corporate/,2cneq,yphqv3
72,I just got back from voting for Fetterman. I did my part.,politics,https://www.reddit.com/r/politics/comments/yphqv3/democrat_john_fetterman_vows_to_fight_corporate/,2cneq,yphqv3
73,Lol and Elon (the guy who wants to buy Google and YouTube) wants everyone to vote for Republicans‚Ä¶wonder why‚Ä¶.if we let that happen we‚Äôre literally asking for a Bond villain‚Ä¶.go vote!,politics,https://www.reddit.com/r/politics/comments/yphqv3/democrat_john_fetterman_vows_to_fight_corporate/,2cneq,yphqv3
74,God I wish I could vote in Pennsylvania,politics,https://www.reddit.com/r/politics/comments/yphqv3/democrat_john_fetterman_vows_to_fight_corporate/,2cneq,yphqv3
75,Fetterman seems like such a genuinely great guy. Really hope he wins PA.,politics,https://www.reddit.com/r/politics/comments/yphqv3/democrat_john_fetterman_vows_to_fight_corporate/,2cneq,yphqv3
76,Go Fetterman!,politics,https://www.reddit.com/r/politics/comments/yphqv3/democrat_john_fetterman_vows_to_fight_corporate/,2cneq,yphqv3
77,Considering it was Republicans who invited corporate money into politics this should‚Äôve been a #1 campaign talking point for all D‚Äôs,politics,https://www.reddit.com/r/politics/comments/yphqv3/democrat_john_fetterman_vows_to_fight_corporate/,2cneq,yphqv3
78,Go Johnny go!,politics,https://www.reddit.com/r/politics/comments/yphqv3/democrat_john_fetterman_vows_to_fight_corporate/,2cneq,yphqv3
79,Well I just got back from voting for him and Shapiro.,politics,https://www.reddit.com/r/politics/comments/yphqv3/democrat_john_fetterman_vows_to_fight_corporate/,2cneq,yphqv3
80,I would have liked this to be the Dem message for about 3 months now. . . But at least we got a few days worth at the end?,politics,https://www.reddit.com/r/politics/comments/yphqv3/democrat_john_fetterman_vows_to_fight_corporate/,2cneq,yphqv3
81,Maybe she doesn‚Äôt realize that impeachment in the House means a trial in the Senate. Should be fun watching the House Managers prosecuting a trial with imaginary crimes.,politics,https://www.reddit.com/r/politics/comments/ypj450/marjorie_taylor_greene_says_impeaching_joe_biden/,2cneq,ypj450
82,"Seriously though this is like D-day for Democrats and normal people who are not invested into politics‚Ä¶.we need to get theses people out. Get out there‚Ä¶use your vote help others do the same.

Edit: So I keep getting ‚Äúconcerned redditor‚Äù messages. This is the slimy republicans on this subreddit or maybe even Russian trolls. They send me theses messages because they really can‚Äôt do anything else and that bothers them.",politics,https://www.reddit.com/r/politics/comments/ypj450/marjorie_taylor_greene_says_impeaching_joe_biden/,2cneq,ypj450
83,"Young people. Please vote. Get your friends to vote.

The reason we have geriatrics running this country is because geriatrics outnumber us in the voting process every single time.",politics,https://www.reddit.com/r/politics/comments/ypj450/marjorie_taylor_greene_says_impeaching_joe_biden/,2cneq,ypj450
84,She‚Äôs not wrong though. They will spend the next 2 years impeaching him for everything just out of spite.,politics,https://www.reddit.com/r/politics/comments/ypj450/marjorie_taylor_greene_says_impeaching_joe_biden/,2cneq,ypj450
85,it's true. If the GQP wins the house they have as many impeachment votes as they need for whatever reason they need it. Marge Green is a still a Klannie fascist and a poster child for fetal alcohol syndrome,politics,https://www.reddit.com/r/politics/comments/ypj450/marjorie_taylor_greene_says_impeaching_joe_biden/,2cneq,ypj450
86,"Sure, just takes a House Majority. Removal, on the other hand...

That said, they have no valid basis for impeachment in the first place.",politics,https://www.reddit.com/r/politics/comments/ypj450/marjorie_taylor_greene_says_impeaching_joe_biden/,2cneq,ypj450
87,"If you ask a common MAGA what Joe Biden did to deserve impeachment, they immediately deflect to Soros or Hunter Biden.

But they don't have a clue about anything substantive.",politics,https://www.reddit.com/r/politics/comments/ypj450/marjorie_taylor_greene_says_impeaching_joe_biden/,2cneq,ypj450
88,She‚Äôs chasing that VP nod with everything she‚Äôs got.,politics,https://www.reddit.com/r/politics/comments/ypj450/marjorie_taylor_greene_says_impeaching_joe_biden/,2cneq,ypj450
89,Fucking VOTE or we're all going to regret it,politics,https://www.reddit.com/r/politics/comments/ypj450/marjorie_taylor_greene_says_impeaching_joe_biden/,2cneq,ypj450
90,"Idiocracy.

She actually has an opponent this election. While her district is massively Republican, it would be hilarious if she lost. She makes America look like a joke every time she opens her mouth.",politics,https://www.reddit.com/r/politics/comments/ypj450/marjorie_taylor_greene_says_impeaching_joe_biden/,2cneq,ypj450
91,She wants to be Palin on steroids. Literally.,politics,https://www.reddit.com/r/politics/comments/yp5taf/marjorie_taylor_greene_asks_desantis_to_not_run/,2cneq,yp5taf
92,"In a bizarre turn, the Times also reports that Trump‚Äôs ‚ÄúDeSanctimonious‚Äù barb was an angry reaction to a new ad from DeSantis, which presents the Florida governor as a divinely anointed figure.

https://www.reddit.com/r/politics/comments/yp3xby/the_trumpdesantis_feud_just_got_worse_a_hidden/",politics,https://www.reddit.com/r/politics/comments/yp5taf/marjorie_taylor_greene_asks_desantis_to_not_run/,2cneq,yp5taf
93,"‚ÄúWe need Trump.‚Äù

We most certainly do not.",politics,https://www.reddit.com/r/politics/comments/yp5taf/marjorie_taylor_greene_asks_desantis_to_not_run/,2cneq,yp5taf
94,Loser stripped of her committees for being a piece of shit cries out to third-rate media for a seat at Daddy Shit's table.,politics,https://www.reddit.com/r/politics/comments/yp5taf/marjorie_taylor_greene_asks_desantis_to_not_run/,2cneq,yp5taf
95,...and she needs her VP candidacy.,politics,https://www.reddit.com/r/politics/comments/yp5taf/marjorie_taylor_greene_asks_desantis_to_not_run/,2cneq,yp5taf
96,"If you thought Trump made the US the laughing stock of the free world, imagine for a moment Trump/Greene.",politics,https://www.reddit.com/r/politics/comments/yp5taf/marjorie_taylor_greene_asks_desantis_to_not_run/,2cneq,yp5taf
97,He‚Äôs almost 80 wtf.,politics,https://www.reddit.com/r/politics/comments/yp5taf/marjorie_taylor_greene_asks_desantis_to_not_run/,2cneq,yp5taf
98,"I really hope DeSantis and Trump duke it out in a nasty primary. I think DeSantis will win, Trump will refuse to endorse him and the GOP will have abysmal voter turnout.",politics,https://www.reddit.com/r/politics/comments/yp5taf/marjorie_taylor_greene_asks_desantis_to_not_run/,2cneq,yp5taf
99,And so it starts..... I think DeSantis is going to have a hard time running in 2024 unless Trump croaks or is seriously injured somehow.,politics,https://www.reddit.com/r/politics/comments/yp5taf/marjorie_taylor_greene_asks_desantis_to_not_run/,2cneq,yp5taf
100,"I am calling my shot!

Tomorrow: Trump announces his candidacy.

Wednesday: Trump will be charged with a crime.",politics,https://www.reddit.com/r/politics/comments/yp5taf/marjorie_taylor_greene_asks_desantis_to_not_run/,2cneq,yp5taf
101,kawhi has been out so often these past few years when i think of him he‚Äôs still in a spurs/raptors uniform lmao,nba,https://www.reddit.com/r/nba/comments/yp4sof/si_clippers_kawhi_leonard_out_indefinitely_amid/,2qo4s,yp4sof
102,most surprising Clippers headline,nba,https://www.reddit.com/r/nba/comments/yp4sof/si_clippers_kawhi_leonard_out_indefinitely_amid/,2qo4s,yp4sof
103,Year to year,nba,https://www.reddit.com/r/nba/comments/yp4sof/si_clippers_kawhi_leonard_out_indefinitely_amid/,2qo4s,yp4sof
104,Kawhi ‚ÄúWhen Healthy‚Äù Leonard,nba,https://www.reddit.com/r/nba/comments/yp4sof/si_clippers_kawhi_leonard_out_indefinitely_amid/,2qo4s,yp4sof
105,"Hey, guys, whachayall talking about over here?",nba,https://www.reddit.com/r/nba/comments/yp4sof/si_clippers_kawhi_leonard_out_indefinitely_amid/,2qo4s,yp4sof
106,Kawhi‚Äôs knee might be done for. Wondering if a medical retirement is coming soon,nba,https://www.reddit.com/r/nba/comments/yp4sof/si_clippers_kawhi_leonard_out_indefinitely_amid/,2qo4s,yp4sof
107,I wonder if he's told the Clippers yet,nba,https://www.reddit.com/r/nba/comments/yp4sof/si_clippers_kawhi_leonard_out_indefinitely_amid/,2qo4s,yp4sof
108,"So Kawhi took an entire season off, played extremely minute limits in two games this season and is now out indefinitely?

Sucks but his career is pretty much over at this point.",nba,https://www.reddit.com/r/nba/comments/yp4sof/si_clippers_kawhi_leonard_out_indefinitely_amid/,2qo4s,yp4sof
109,"i read ""infinitely"" at first lol",nba,https://www.reddit.com/r/nba/comments/yp4sof/si_clippers_kawhi_leonard_out_indefinitely_amid/,2qo4s,yp4sof
110,Gg see you guys next year,nba,https://www.reddit.com/r/nba/comments/yp4sof/si_clippers_kawhi_leonard_out_indefinitely_amid/,2qo4s,yp4sof
111,I just told my kid he looks like Zion and he gave me a high five.,nba,https://www.reddit.com/r/nba/comments/yp6fgc/zion_what_people_dont_understand_is_imagine_if/,2qo4s,yp6fgc
112,"Yeah when they started calling him Lil Escalade it crossed the line lmaooo

EDIT: I‚Äôm kidding ofc it was funny but it probably got annoying for him",nba,https://www.reddit.com/r/nba/comments/yp6fgc/zion_what_people_dont_understand_is_imagine_if/,2qo4s,yp6fgc
113,"Dude was ""out of shape"" but still a million times more in shape than like 99% of the world.",nba,https://www.reddit.com/r/nba/comments/yp6fgc/zion_what_people_dont_understand_is_imagine_if/,2qo4s,yp6fgc
114,"What a mature, level headed response. Love this kid, and the positivity he continues to spread despite all the hate.",nba,https://www.reddit.com/r/nba/comments/yp6fgc/zion_what_people_dont_understand_is_imagine_if/,2qo4s,yp6fgc
115,"Charles ""The Round Mound of Rebound"" Barkley

Bryant ""Big Country"" Reeves

Glen ""Big Baby"" Davis

Kyle Lowrys backside by itself probably has several fan clubs

Zion ""Fat Professional Athlete"" Williamson... This one just doesn't have the same type of ring to it.",nba,https://www.reddit.com/r/nba/comments/yp6fgc/zion_what_people_dont_understand_is_imagine_if/,2qo4s,yp6fgc
116,"I'm kinda conflicted on this. On one hand he's right and he has every reason to want to shut those people up forever. But I also don't really fault any analysts/writers saying it looked like he was out of shape, because that's an important thing when talking about a professional athlete.",nba,https://www.reddit.com/r/nba/comments/yp6fgc/zion_what_people_dont_understand_is_imagine_if/,2qo4s,yp6fgc
117,Imagine if Ben Simmons said this. The outpouring of hate would be even stronger.,nba,https://www.reddit.com/r/nba/comments/yp6fgc/zion_what_people_dont_understand_is_imagine_if/,2qo4s,yp6fgc
118,"I just hope Zion stays healthy, an absolute pleasure to watch that man play basketball",nba,https://www.reddit.com/r/nba/comments/yp6fgc/zion_what_people_dont_understand_is_imagine_if/,2qo4s,yp6fgc
119,"He's talking to you, Reddit.",nba,https://www.reddit.com/r/nba/comments/yp6fgc/zion_what_people_dont_understand_is_imagine_if/,2qo4s,yp6fgc
120,People have really shown thier true colours over this,nba,https://www.reddit.com/r/nba/comments/yp6fgc/zion_what_people_dont_understand_is_imagine_if/,2qo4s,yp6fgc
121,"47 points on 24 shots and 7 FT's.

8 assists and 0 turnovers.",nba,https://www.reddit.com/r/nba/comments/ypc5gu/steph_carry_tonight_4788_on_868_ts_team_high_20/,2qo4s,ypc5gu
122,Poole and Klay need to get their heads out of their asses,nba,https://www.reddit.com/r/nba/comments/ypc5gu/steph_carry_tonight_4788_on_868_ts_team_high_20/,2qo4s,ypc5gu
123,bro is fighting for his life rn,nba,https://www.reddit.com/r/nba/comments/ypc5gu/steph_carry_tonight_4788_on_868_ts_team_high_20/,2qo4s,ypc5gu
124,And we beat the Kings by 3 points‚Ä¶,nba,https://www.reddit.com/r/nba/comments/ypc5gu/steph_carry_tonight_4788_on_868_ts_team_high_20/,2qo4s,ypc5gu
125,Steph just refuses to decline. Get this man some help!,nba,https://www.reddit.com/r/nba/comments/ypc5gu/steph_carry_tonight_4788_on_868_ts_team_high_20/,2qo4s,ypc5gu
126,A near 50 point triple double for a 3 point win üíÄ,nba,https://www.reddit.com/r/nba/comments/ypc5gu/steph_carry_tonight_4788_on_868_ts_team_high_20/,2qo4s,ypc5gu
127,"Insane stat line, that true shooting percentage on 47 points lol. Unreal",nba,https://www.reddit.com/r/nba/comments/ypc5gu/steph_carry_tonight_4788_on_868_ts_team_high_20/,2qo4s,ypc5gu
128,Steph Carry indeed,nba,https://www.reddit.com/r/nba/comments/ypc5gu/steph_carry_tonight_4788_on_868_ts_team_high_20/,2qo4s,ypc5gu
129,Look at Curry man,nba,https://www.reddit.com/r/nba/comments/ypc5gu/steph_carry_tonight_4788_on_868_ts_team_high_20/,2qo4s,ypc5gu
130,"Steph has a plus minus of 50 this season.

The warriors have a point differential of -37 this season.

Pls someone help this man.",nba,https://www.reddit.com/r/nba/comments/ypc5gu/steph_carry_tonight_4788_on_868_ts_team_high_20/,2qo4s,ypc5gu
131,Sacramento kings the L2M champions.,nba,https://www.reddit.com/r/nba/comments/ypcb8n/highlight_klay_thompson_gets_away_with_a_few/,2qo4s,ypcb8n
132,"it's okay guys, the L2M report will tell us Huerter was fouled. then it'll be okay.",nba,https://www.reddit.com/r/nba/comments/ypcb8n/highlight_klay_thompson_gets_away_with_a_few/,2qo4s,ypcb8n
133,I wonder if Mike Brown is gonna talk shit again lmao,nba,https://www.reddit.com/r/nba/comments/ypcb8n/highlight_klay_thompson_gets_away_with_a_few/,2qo4s,ypcb8n
134,"You can‚Äôt even blame it on not having a clear view, ref was fucking 3 feet away staring directly at them",nba,https://www.reddit.com/r/nba/comments/ypcb8n/highlight_klay_thompson_gets_away_with_a_few/,2qo4s,ypcb8n
135,They should do something on those refs lol. Clearly an incompetent non call literally right on his face and he's saying nope.,nba,https://www.reddit.com/r/nba/comments/ypcb8n/highlight_klay_thompson_gets_away_with_a_few/,2qo4s,ypcb8n
136,Can't wait for absolutely nothing to be done about this,nba,https://www.reddit.com/r/nba/comments/ypcb8n/highlight_klay_thompson_gets_away_with_a_few/,2qo4s,ypcb8n
137,"The ref just shaking his head like ""nope, didn't happen"" ü§°ü§°",nba,https://www.reddit.com/r/nba/comments/ypcb8n/highlight_klay_thompson_gets_away_with_a_few/,2qo4s,ypcb8n
138,A compilation of the Kings getting fucked by the refs against big market teams would prob last an hour plus,nba,https://www.reddit.com/r/nba/comments/ypcb8n/highlight_klay_thompson_gets_away_with_a_few/,2qo4s,ypcb8n
139,"I get they don't like calling them at the end of games, but that was immediately obvious lol",nba,https://www.reddit.com/r/nba/comments/ypcb8n/highlight_klay_thompson_gets_away_with_a_few/,2qo4s,ypcb8n
140,First Herro gets away with a travel now this I‚Äôm sick,nba,https://www.reddit.com/r/nba/comments/ypcb8n/highlight_klay_thompson_gets_away_with_a_few/,2qo4s,ypcb8n
141,His free agency is going to be quite interesting.,nba,https://www.reddit.com/r/nba/comments/yp5abr/stein_theres_a_feeling_that_brooklyns_remedial/,2qo4s,yp5abr
142,"‚ÄúWhat should we put on this list that we know Kyrie can‚Äôt do‚Äù

‚ÄúTell him to say sorry‚Äù",nba,https://www.reddit.com/r/nba/comments/yp5abr/stein_theres_a_feeling_that_brooklyns_remedial/,2qo4s,yp5abr
143,Did they ask him to say the earth is round?,nba,https://www.reddit.com/r/nba/comments/yp5abr/stein_theres_a_feeling_that_brooklyns_remedial/,2qo4s,yp5abr
144,"Who was the source, Kyrie Irving?",nba,https://www.reddit.com/r/nba/comments/yp5abr/stein_theres_a_feeling_that_brooklyns_remedial/,2qo4s,yp5abr
145,"Nets camp: we want you to apologize and take time to learn why what you did was wrong

Kyrie camp: they are clearly conspiring to release Kyrie and take his contract away from him",nba,https://www.reddit.com/r/nba/comments/yp5abr/stein_theres_a_feeling_that_brooklyns_remedial/,2qo4s,yp5abr
146,"I would have thought the exact opposite, that the Nets were making it as easy as possible. Meyers Leonard did most of those for free, and his career was over regardless.",nba,https://www.reddit.com/r/nba/comments/yp5abr/stein_theres_a_feeling_that_brooklyns_remedial/,2qo4s,yp5abr
147,"I know not to take social media too seriously. Jesus tho, the majority/most liked Facebook and instagram comments about Kyrie make it sound like he‚Äôs being conspired against by the Illuminati and getting sent to Guantanamo.",nba,https://www.reddit.com/r/nba/comments/yp5abr/stein_theres_a_feeling_that_brooklyns_remedial/,2qo4s,yp5abr
148,Wow nets going with the Amazon/Big Four PIP as a formality approach,nba,https://www.reddit.com/r/nba/comments/yp5abr/stein_theres_a_feeling_that_brooklyns_remedial/,2qo4s,yp5abr
149,"Yeah wild list of remedial measures, such as condemning antisemitism. No way Kyrie can do that, set him up to fail",nba,https://www.reddit.com/r/nba/comments/yp5abr/stein_theres_a_feeling_that_brooklyns_remedial/,2qo4s,yp5abr
150,"Oh like, apologize? Have a meeting? He cant do those?",nba,https://www.reddit.com/r/nba/comments/yp5abr/stein_theres_a_feeling_that_brooklyns_remedial/,2qo4s,yp5abr
151,Bro went full Giannis,nba,https://www.reddit.com/r/nba/comments/yp8v50/highlight_scottie_barnes_puts_vucevic_on_a_poster/,2qo4s,yp8v50
152,I promise you no one thought that was gonna be a dunk.,nba,https://www.reddit.com/r/nba/comments/yp8v50/highlight_scottie_barnes_puts_vucevic_on_a_poster/,2qo4s,yp8v50
153,"Bro did a statue of liberty esque dunk and held onto the rim with 1 hand. The disrespect, goodness gracious Scottie, that man has a family",nba,https://www.reddit.com/r/nba/comments/yp8v50/highlight_scottie_barnes_puts_vucevic_on_a_poster/,2qo4s,yp8v50
154,Vuc didn‚Äôt deserve this üò≠,nba,https://www.reddit.com/r/nba/comments/yp8v50/highlight_scottie_barnes_puts_vucevic_on_a_poster/,2qo4s,yp8v50
155,i just made this face,nba,https://www.reddit.com/r/nba/comments/yp8v50/highlight_scottie_barnes_puts_vucevic_on_a_poster/,2qo4s,yp8v50
156,HOW DID HE GET ENOUGH DISTANCE WITH THAT AMOUNT OF SPEED?,nba,https://www.reddit.com/r/nba/comments/yp8v50/highlight_scottie_barnes_puts_vucevic_on_a_poster/,2qo4s,yp8v50
157,"Holy shit, one of the nastiest Raps dunks I can remember for a while!!!!",nba,https://www.reddit.com/r/nba/comments/yp8v50/highlight_scottie_barnes_puts_vucevic_on_a_poster/,2qo4s,yp8v50
158,Cocked that joint back and banged on him,nba,https://www.reddit.com/r/nba/comments/yp8v50/highlight_scottie_barnes_puts_vucevic_on_a_poster/,2qo4s,yp8v50
159,He got that Dawg in him,nba,https://www.reddit.com/r/nba/comments/yp8v50/highlight_scottie_barnes_puts_vucevic_on_a_poster/,2qo4s,yp8v50
160,THAT'S A BODY,nba,https://www.reddit.com/r/nba/comments/yp8v50/highlight_scottie_barnes_puts_vucevic_on_a_poster/,2qo4s,yp8v50
161,"Tatum with the next level wholesome trash talk.

‚ÄòLook, I don‚Äôt even care about you, it‚Äôs just most efficient for me and my family if I bury you real quick‚Äô",nba,https://www.reddit.com/r/nba/comments/ypnm51/ja_morant_on_jayson_tatum_i_was_trying_to_talk/,2qo4s,ypnm51
162,Players often find some extra motivation when the fear of losing going into OT and having your kid stay up late is greater than the desire to win.,nba,https://www.reddit.com/r/nba/comments/ypnm51/ja_morant_on_jayson_tatum_i_was_trying_to_talk/,2qo4s,ypnm51
163,r/nbaww,nba,https://www.reddit.com/r/nba/comments/ypnm51/ja_morant_on_jayson_tatum_i_was_trying_to_talk/,2qo4s,ypnm51
164,Ja has some truly bodacious locs,nba,https://www.reddit.com/r/nba/comments/ypnm51/ja_morant_on_jayson_tatum_i_was_trying_to_talk/,2qo4s,ypnm51
165,"Most wholesome ""no OT tonight"" in NBA history.",nba,https://www.reddit.com/r/nba/comments/ypnm51/ja_morant_on_jayson_tatum_i_was_trying_to_talk/,2qo4s,ypnm51
166,Tatum gotta get that kid on a better sleep schedule.,nba,https://www.reddit.com/r/nba/comments/ypnm51/ja_morant_on_jayson_tatum_i_was_trying_to_talk/,2qo4s,ypnm51
167,Hmmm. ‚ÄòPut a deuce to sleep‚Äô means take a shit or slam a 22oz where I come from.,nba,https://www.reddit.com/r/nba/comments/ypnm51/ja_morant_on_jayson_tatum_i_was_trying_to_talk/,2qo4s,ypnm51
168,Tatum one of the most wholesome players ngl,nba,https://www.reddit.com/r/nba/comments/ypnm51/ja_morant_on_jayson_tatum_i_was_trying_to_talk/,2qo4s,ypnm51
169,That's how trash-talk should be man. Try to be funny or clever! Makes the game a lot more fun.,nba,https://www.reddit.com/r/nba/comments/ypnm51/ja_morant_on_jayson_tatum_i_was_trying_to_talk/,2qo4s,ypnm51
170,wholesome nba moment,nba,https://www.reddit.com/r/nba/comments/ypnm51/ja_morant_on_jayson_tatum_i_was_trying_to_talk/,2qo4s,ypnm51
171,"Bruh, I just spent 3 hours doin mandatory employee compliance training videos for my part time teacher assistant job, and I haven‚Äôt even been in yet. They play at the highest level, and don‚Äôt wanna be held to the standards, it‚Äôs still a job",nba,https://www.reddit.com/r/nba/comments/yp5rxb/nbpa_is_expected_to_appeal_kyrie_irvings/,2qo4s,yp5rxb
172,"they seem like a lot

Meeting with leaders and completing some sensitivity training seems like the bare minimum to me... it's been days, he could have done it by now.",nba,https://www.reddit.com/r/nba/comments/yp5rxb/nbpa_is_expected_to_appeal_kyrie_irvings/,2qo4s,yp5rxb
173,"That‚Äôs really sad if they do

Oh yeah I forgot Jaylen Brown is vice president üíÄüíÄ",nba,https://www.reddit.com/r/nba/comments/yp5rxb/nbpa_is_expected_to_appeal_kyrie_irvings/,2qo4s,yp5rxb
174,"‚ÄúA lot of the players expressed discomfort with the terms‚Äù

Yet not a single player outside Robin Lopez expressed a single bit of concern with Kyrie‚Äôs actions.

That about sums it up",nba,https://www.reddit.com/r/nba/comments/yp5rxb/nbpa_is_expected_to_appeal_kyrie_irvings/,2qo4s,yp5rxb
175,We are going to hear some strange fucking stories about this dude very shortly.,nba,https://www.reddit.com/r/nba/comments/yp5rxb/nbpa_is_expected_to_appeal_kyrie_irvings/,2qo4s,yp5rxb
176,Jaylen is Kyrie 2.0,nba,https://www.reddit.com/r/nba/comments/yp5rxb/nbpa_is_expected_to_appeal_kyrie_irvings/,2qo4s,yp5rxb
177,"Ahh boy‚Ä¶.And lol at Jaylen Brown being the one to say thisüíÄüíÄ‚Ä¶I know he has position there but the irony is hilarious

This is one of the reasons why the league was walking on egg shells. Kyrie is a member of the NBPA and has a lot of respect. I‚Äôd imagine a lot of players aren‚Äôt feeling how the Nets are punishing him and that list of demands that were handed to him

It‚Äôs a bad look on us if we didn‚Äôt punish him for antisemitism. It‚Äôs a bad look on how harsh the punishment is cause now the NBPA steps in and it‚Äôs about to be them vs Brooklyn while Kyrie still here. We can‚Äôt win smh

What was Joe Tsai supposed to do here? Somebody needs to ask Jaylen and whoever else.. what were the nets suppose to do? Suspend Kyrie for only 2 games? They would complain about that too. Antisemitism is serious Tsai and ownership had to be serious with this which is why the list, excessive as it might appear, was needed. They need to know that Kyrie won‚Äôt just take a few games suspension and come back saying the same foolishness. It‚Äôs not so much on NBPA. it‚Äôs the job of the union to protect their people I guess, but Jaylens side comments is probably how he personally feels too.

Boston plays Memphis tonight, I hope jaylen is asked about this. I wanna hear his responses",nba,https://www.reddit.com/r/nba/comments/yp5rxb/nbpa_is_expected_to_appeal_kyrie_irvings/,2qo4s,yp5rxb
178,How hard is it not to be anti semitic,nba,https://www.reddit.com/r/nba/comments/yp5rxb/nbpa_is_expected_to_appeal_kyrie_irvings/,2qo4s,yp5rxb
179,"‚Äúa lot of players expressed discomfort with the terms‚Äù

that part doesn‚Äôt sit well with me, even though we know a lot of the players probably hold similar beliefs as kyrie",nba,https://www.reddit.com/r/nba/comments/yp5rxb/nbpa_is_expected_to_appeal_kyrie_irvings/,2qo4s,yp5rxb
180,It doesn‚Äôt seem like a lot at all tbh,nba,https://www.reddit.com/r/nba/comments/yp5rxb/nbpa_is_expected_to_appeal_kyrie_irvings/,2qo4s,yp5rxb
181,"We play .500 basketball goddammit. Salt of the earth, punch the clock, even win/loss ratio basketball. We lose a couple, guess what? We‚Äôll win a couple too. But don‚Äôt get too excited or let it go to your head, no long winning streaks here, no sir. That‚Äôs hubris, which this blue collar, hard working, every man team doesn‚Äôt have. A few wins in a row, these guys, true to form, will balance it out with a couple losses. Yes sir, that‚Äôs my 2022 knicks. A good, honest, .500 basketball team.",nba,https://www.reddit.com/r/nba/comments/ypt0dy/hollinger_the_knicks_are_55_with_a_00_point/,2qo4s,ypt0dy
182,the knicks are officialy mid,nba,https://www.reddit.com/r/nba/comments/ypt0dy/hollinger_the_knicks_are_55_with_a_00_point/,2qo4s,ypt0dy
183,Are they gonna be like the Hornets last season that had an equal away-home record?,nba,https://www.reddit.com/r/nba/comments/ypt0dy/hollinger_the_knicks_are_55_with_a_00_point/,2qo4s,ypt0dy
184,"Yeah, we‚Äôre mid.",nba,https://www.reddit.com/r/nba/comments/ypt0dy/hollinger_the_knicks_are_55_with_a_00_point/,2qo4s,ypt0dy
185,Even steven,nba,https://www.reddit.com/r/nba/comments/ypt0dy/hollinger_the_knicks_are_55_with_a_00_point/,2qo4s,ypt0dy
186,Exceedingly mediocre,nba,https://www.reddit.com/r/nba/comments/ypt0dy/hollinger_the_knicks_are_55_with_a_00_point/,2qo4s,ypt0dy
187,RJ and Brunson have looked good for what it's worth,nba,https://www.reddit.com/r/nba/comments/ypt0dy/hollinger_the_knicks_are_55_with_a_00_point/,2qo4s,ypt0dy
188,Brunson has made a immediate impact on the team. Randle looks allot more comfortable in the offense compared to last season and they just play as a way more cohesive unit. Still missing a few pieces but imo it‚Äôs an improvement over last season,nba,https://www.reddit.com/r/nba/comments/ypt0dy/hollinger_the_knicks_are_55_with_a_00_point/,2qo4s,ypt0dy
189,Midison Square Garden,nba,https://www.reddit.com/r/nba/comments/ypt0dy/hollinger_the_knicks_are_55_with_a_00_point/,2qo4s,ypt0dy
190,"Writing the word ""mid"" would get more upvotes, but the Knicks have faced a difficult strength of schedule so far. They're playing unspectacular but above average basketball

Edit: Mid.",nba,https://www.reddit.com/r/nba/comments/ypt0dy/hollinger_the_knicks_are_55_with_a_00_point/,2qo4s,ypt0dy
191,They did him dirty and they know it. The refs know it. The league knows it. Even rational Warriors fans know it. But nothing will be done except a fine for speaking up and asking people who get paid to referee a game of basketball to be better. Shame,nba,https://www.reddit.com/r/nba/comments/ypdva9/kevin_huerter_via_twitter_only_thing_we_can_do_at/,2qo4s,ypdva9
192,"I'd be willing to bet that the next few kings games the calls get even worse for them. The refs stick together and to criticize one is to criticize them all. They also don't forget.

A few years ago Rudy Gobert had some gripes against the officiating and spoke out publicly. The next game he got a foul call in the first second of the game. He was out of the game after two minutes.

Sorry kings fans, your in for a rough few weeks.",nba,https://www.reddit.com/r/nba/comments/ypdva9/kevin_huerter_via_twitter_only_thing_we_can_do_at/,2qo4s,ypdva9
193,"That feeling when you sort by controversial and its still ppl saying the foul was blatant lmao. Pull your shit together nba, even diehard fans are speaking up about this bs too.",nba,https://www.reddit.com/r/nba/comments/ypdva9/kevin_huerter_via_twitter_only_thing_we_can_do_at/,2qo4s,ypdva9
194,"Even if they're not 100% sure, the game is on the line, they should at least call it and then review. That was one of the worst no calls I've seen",nba,https://www.reddit.com/r/nba/comments/ypdva9/kevin_huerter_via_twitter_only_thing_we_can_do_at/,2qo4s,ypdva9
195,"Kings have really been screwed this season on end of game 3pt attempts. Whether it's the missed Herro travel, or this obvious foul.",nba,https://www.reddit.com/r/nba/comments/ypdva9/kevin_huerter_via_twitter_only_thing_we_can_do_at/,2qo4s,ypdva9
196,Obvious foul at the end. I was floored they didn‚Äôt call it.,nba,https://www.reddit.com/r/nba/comments/ypdva9/kevin_huerter_via_twitter_only_thing_we_can_do_at/,2qo4s,ypdva9
197,"These situations, which are bound to happen in any pro sport, look so much worse now that sports betting is being pushed 24/7 everywhere. Now simple incompetence feels a lot more like Donaghy wasn‚Äôt a fluke.",nba,https://www.reddit.com/r/nba/comments/ypdva9/kevin_huerter_via_twitter_only_thing_we_can_do_at/,2qo4s,ypdva9
198,"Talk your shit King

Pun very much intended",nba,https://www.reddit.com/r/nba/comments/ypdva9/kevin_huerter_via_twitter_only_thing_we_can_do_at/,2qo4s,ypdva9
199,"Put those fucks on blast.

This wasn‚Äôt some 50/50 or 60/40 call either. He was fouled. 3 TIMES.",nba,https://www.reddit.com/r/nba/comments/ypdva9/kevin_huerter_via_twitter_only_thing_we_can_do_at/,2qo4s,ypdva9
200,2nd time this season Kings lost because of a ref no call,nba,https://www.reddit.com/r/nba/comments/ypdva9/kevin_huerter_via_twitter_only_thing_we_can_do_at/,2qo4s,ypdva9
201,Dear Garbage Man by Glen Zion is about a garbage man who wants to salvage everything and never actually throws it in the garbage truck. In the end he does the ‚Äúright‚Äù thing and throws it all into a swamp. The book is from the 50s when large scale littering was fine.,books,https://www.reddit.com/r/books/comments/ypeelr/is_there_a_childrens_book_you_think_sends_a/,2qh4i,ypeelr
202,"By chance has anyone read ""Dear Garbage Man""?

https://www.goodreads.com/book/show/2391881.Dear_Garbage_Man

It starts off as a story about a new garbage man that tries to recycle all the garbage he collects. But then he realizes that it's truly garbage and would be better used to ""fill in some swamps"". It's a product of the times and also a big FU to recycling and wetlands.",books,https://www.reddit.com/r/books/comments/ypeelr/is_there_a_childrens_book_you_think_sends_a/,2qh4i,ypeelr
203,"My daughter used to love this book called ""Ballet Bunny"" about a little bunny girl from the countryside who found a ballet class in the city and desperately wanted to join. She did, and she ended up being so good that the teacher gave her a starring role in the big recital. She was so excited that her whole family came to watch her, and she danced gloriously. Everyone loved her! But afterward, her family hopped off and abandoned her. The next day, they all told her that she probably didn't want to play with them now since she was such a great ballerina, so they basically ignored her and abandoned her again. She decided not to be a ballerina anymore, threw away her ballet shoes, and then the family accepted her again and she was happy. The end.

It's fine until the recital, then it takes a turn. The message seems to be that you have to give up your dreams and/or stop doing things you're really good at (and love) so that you family will accept you on their terms. I hate it.

Bunny girl should have peaced out to the city and stuck with her studio since they actually respected her more than her own fur and blood. Let's show kids that it's okay to get away from that kind of toxicity.",books,https://www.reddit.com/r/books/comments/ypeelr/is_there_a_childrens_book_you_think_sends_a/,2qh4i,ypeelr
204,The Ugly Duckling. None of the ducks learn not to make fun of people who are different. And it only works out for the Ugly Duckling because he ends up beautiful.,books,https://www.reddit.com/r/books/comments/ypeelr/is_there_a_childrens_book_you_think_sends_a/,2qh4i,ypeelr
205,"Okay I have two right now: the Going to Bed book is one. They all do all the right going to bed things: they brush their teeth, put on their pajamas, then they GO OUTSIDE AND EXERCISE, then they immediately come back in and go to bed.

Peter Rabbit was a staple from my childhood but they beat the children so much in that book!!",books,https://www.reddit.com/r/books/comments/ypeelr/is_there_a_childrens_book_you_think_sends_a/,2qh4i,ypeelr
206,"Not a book, but I tried watching old Thomas the tank engine with my niece and I swear the first episode is about union busting. A train tries to go on strike due to working conditions and the top hat guy literally bricks him in a tunnel so he can't get out.

The juxtaposition of George carlin narrating was something else.",books,https://www.reddit.com/r/books/comments/ypeelr/is_there_a_childrens_book_you_think_sends_a/,2qh4i,ypeelr
207,This might sound a bit of a brag but I was reading a story to my boys about a little mouse bringing a cake to his friend bird. On the way he encounters other animals who ask to trade him useless thing in exchange for a price of cake. He ends up giving the cake away. After reading to story a few times my son looks at me and says ‚ÄúHe should say no.‚Äù Then we had a whole conversation about how my sons would have handled the situation. My takeaway is use your books as conversation starters. Teach your kids to be critical thinkers. Even if they aren‚Äôt old enough to have a back and forth conversation with you just re-hashing the story with commentary is wonderful for them.,books,https://www.reddit.com/r/books/comments/ypeelr/is_there_a_childrens_book_you_think_sends_a/,2qh4i,ypeelr
208,"I‚Äôve always liked the message behind Green Eggs and Ham because one of my biggest pet peeves is when someone is completely unwilling to try anything new. That said I don‚Äôt think it‚Äôs very nice to hassle the FUCK out of someone and pester them to the point where they finally mentally break and do what you want.

Like sure in the end he liked green eggs and ham but what if he fuckin hated them?

spits and vomits violently

‚ÄúI TOLD YOU I HATE THEM, HATE THEM I DO! THEY LOOK AND TASTE LIKE SHIT, YOU BASTARD, NOW HOLY FUCK YOU!!‚Äù",books,https://www.reddit.com/r/books/comments/ypeelr/is_there_a_childrens_book_you_think_sends_a/,2qh4i,ypeelr
209,"My wife doesn't like Rainbow fish either, because its message is, ""Want friends? Try buying them.""",books,https://www.reddit.com/r/books/comments/ypeelr/is_there_a_childrens_book_you_think_sends_a/,2qh4i,ypeelr
210,"I bought Curious George, not actually remembering exactly how it went. That ‚ÄúMan in the Yellow Hat‚Äù kidnapped a happy George from Africa and forced him to stay on a boat when he tried to escape. The MITYH teaches him to smoke, expects him to know what being a ‚Äúgood little monkey‚Äù even is, and he ends up getting hunted down and put in jail. It‚Äôs eleven kinds of fucked up.",books,https://www.reddit.com/r/books/comments/ypeelr/is_there_a_childrens_book_you_think_sends_a/,2qh4i,ypeelr
211,What is the name of the book? Paywall blocked me before I could find out.,books,https://www.reddit.com/r/books/comments/ypm877/do_we_have_the_history_of_native_americans/,2qh4i,ypm877
212,There is a book called empire of the summer moon. Very good. Comanche Indians crushed Texas rangers untill the colt revolver was invented. It‚Äôs a great read.,books,https://www.reddit.com/r/books/comments/ypm877/do_we_have_the_history_of_native_americans/,2qh4i,ypm877
213,1491 is a good book on this topic.,books,https://www.reddit.com/r/books/comments/ypm877/do_we_have_the_history_of_native_americans/,2qh4i,ypm877
214,"I‚Äôve read widely on Native American history. Two authors I‚Äôm especially partial too are Craig Childs, who‚Äôs books on human migration in Precolumbian America are absolutely fantastic (and not at all dry), and Allan W. Eckert, whose narrative histories of the Indian Wars in the Ohio Valley and Great Lakes region should be required reading in school.",books,https://www.reddit.com/r/books/comments/ypm877/do_we_have_the_history_of_native_americans/,2qh4i,ypm877
215,"‚ÄúThe usual story depicts them as dwelling in harmony with one another and the natural world in some cultural and ecological Eden that was then torn apart by Europeans‚Äù

Do people that aren‚Äôt 7 and just finished watching Disney‚Äôs Pocahantos really believe that?",books,https://www.reddit.com/r/books/comments/ypm877/do_we_have_the_history_of_native_americans/,2qh4i,ypm877
216,"This book sheds a great deal of needed light on the subject-
The Name of War- KING PHILIP'S WAR AND THE ORIGINS OF AMERICAN IDENTITY By Jill Lepore
-Telling the story of what may have been the bitterest of American conflicts, and its reverberations over the centuries, Lepore has enabled us to see how the ways in which we remember past events are as important in their effect on our history as were the events themselves.",books,https://www.reddit.com/r/books/comments/ypm877/do_we_have_the_history_of_native_americans/,2qh4i,ypm877
217,"No real historian believes that the Native Americans were peaceful, but this book seems to attempt to downplay the different between warring tribes and outright genocide.",books,https://www.reddit.com/r/books/comments/ypm877/do_we_have_the_history_of_native_americans/,2qh4i,ypm877
218,"I read 1491 over 10 years ago, and I found to be a super informative read. Even today, new discoveries are made that reinforce the author‚Äôs (Charles Mann) point that the Americas were much more populated and its land were way more manipulated to include impressive empires and political systems. Unfortunately, I and I‚Äôm sure many American redditors were and still are not taught any of this impressive history.",books,https://www.reddit.com/r/books/comments/ypm877/do_we_have_the_history_of_native_americans/,2qh4i,ypm877
219,"A lot of our constitutional structure, like the notion of checks and balances, comes from the Haudenosuanee (Iroquois Confederacy) system of government.

Politicking and feuds between different American Indigenous peoples also affected the behavior of British and French forces in the colonial era.

And most of all‚Ä¶Indigenous cultures practically terraformed the continent for their own purposes before settlers got here!",books,https://www.reddit.com/r/books/comments/ypm877/do_we_have_the_history_of_native_americans/,2qh4i,ypm877
220,"If the question has anything to do with whether or not you have assumed too much about Native Americans, the answer should be an immediate, obvious ""yes"".",books,https://www.reddit.com/r/books/comments/ypm877/do_we_have_the_history_of_native_americans/,2qh4i,ypm877
221,Faster Than the Speed of Love by B. Griffin,books,https://www.reddit.com/r/books/comments/ypmk8z/what_is_the_absolute_worst_book_youve_ever_read/,2qh4i,ypmk8z
222,"The Last Librarian. Here's the description for it.

In the year 2098, there is no more war, no more hunger and no more pollution. The world is secure and Earth‚Äôs 2.9 billion people are healthy and happy. There is also only one remaining library that still houses physical books. In addition to the dusty volumes, the library holds many secrets. But the government has decided to shut it down and burn the contents. Unless an unlikely trio can save the books, humanity will lose more than just what is printed on those antique pages.

With a single government ruling the entire planet, one currency, one language and no religion, the population is unified and enjoying the prosperity that comes with more than seven decades of peace. Free healthcare for all and guaranteed employment make the future a dream. But this future may only be safe if they can hide the past. The books must be saved . . . the impossible task is up to an angry author, a brazen revolutionary and the last librarian.

Sounds like a great book, right? I was so excited to read it, but noooo. It just couldn't be good.

Massive, page long infodumps. New slang for words that didn't need to be replaced.

3/4ths of the book is spent building up a character, only for that character to be killed off screen. Literally one short throwaway sentence letting you know that character died.

Absolutely nothing is wrapped up in the book. Everything is left on a fucking cliffhanger.

The communication between the 3 main characters is fucking cringe inducing. Just about everything they say to each other comes in the form of quoting books. It freaking reads like a group of 3 pseudo-intellectual edgelords talking.

Then there's the major reveal 3/4ths of the way through that completely changes what the story is going to be about, which isn't hinted at at all throughout what you've already read.

To this date it's the only book I've ever given a 1 star rating to.",books,https://www.reddit.com/r/books/comments/ypmk8z/what_is_the_absolute_worst_book_youve_ever_read/,2qh4i,ypmk8z
223,"I occasionally dip my toe into self-published books, so let me assure you, I've read some horrifically bad ones over the years.

Case in point, the one I attempted to read this morning was dreadful. It described one of the main characters as having ""long lips of quivering foam."" Presumably this main character had rabies or something of that nature. I wouldn't know, because I returned it without reading more than a couple of pages. (It was something I got on a lark from Kindle Unlimited.)",books,https://www.reddit.com/r/books/comments/ypmk8z/what_is_the_absolute_worst_book_youve_ever_read/,2qh4i,ypmk8z
224,The absolute worst book I have ever read is Verity. A fellow redditor (I‚Äôm so sorry I don‚Äôt remember their name because they certainly deserve credit for this) said Verity ‚Äúmade me want to burn down the alphabet.‚Äù I can‚Äôt possibly describe it better than that.,books,https://www.reddit.com/r/books/comments/ypmk8z/what_is_the_absolute_worst_book_youve_ever_read/,2qh4i,ypmk8z
225,Just skimming through the comments to find one that I‚Äôve read. Am I the only one doing this ?,books,https://www.reddit.com/r/books/comments/ypmk8z/what_is_the_absolute_worst_book_youve_ever_read/,2qh4i,ypmk8z
226,After by Anna Todd,books,https://www.reddit.com/r/books/comments/ypmk8z/what_is_the_absolute_worst_book_youve_ever_read/,2qh4i,ypmk8z
227,"I tried 50 shades of grey years ago, I think I managed about 2 chapters.... some of the worse writing I've ever read, it was painful to even try",books,https://www.reddit.com/r/books/comments/ypmk8z/what_is_the_absolute_worst_book_youve_ever_read/,2qh4i,ypmk8z
228,"Verity.

Something wrong with that woman fr.",books,https://www.reddit.com/r/books/comments/ypmk8z/what_is_the_absolute_worst_book_youve_ever_read/,2qh4i,ypmk8z
229,"A self published book that a local actor hands out when you cast him. It's called ""Overcoming the Silent Pride Within: Dare to Compare"". And it's the single most hilariously unselfaware cultural artifact humanity has ever produced. Highly highly recommended.",books,https://www.reddit.com/r/books/comments/ypmk8z/what_is_the_absolute_worst_book_youve_ever_read/,2qh4i,ypmk8z
230,"Mein Kampf. And it's not even close.

And I don't necessarily just mean content-wise, which is bad enough. But it's just horribly written, long, winding sentences, weird expressions... It was hard to read and sucked really bad. Hitler was not a great writer.",books,https://www.reddit.com/r/books/comments/ypmk8z/what_is_the_absolute_worst_book_youve_ever_read/,2qh4i,ypmk8z
231,"Perhaps the problem is where you're getting recommendations from. Booktok, for better or worse, has a stranglehold on what you are able to access and buy, because Booktok is currently the easiest way for booksellers and publishers to find out based on what young people, like you, are claiming to enjoy and like. And apparently, certain tropes have a massive appeal to most young people. Thus, publishers are pushing authors to write according to popular tropes to be able for them to market and sell the books well. Booksellers then end up with these ""tropes"". And those are the ones you see everywhere.

If you want to expand your reading, I would suggest checking out your library (if you have one) and talk to the librarians as to what they would recommend based on what intrigues or interests you. I actually prefer to get recommendations from actual people I can talk to.

Book tube, I think, is also a better place to get recommendations, depending on the creator.

YA is going a certain direction because it's only following what Booktok is showing. And it appears that the market for which YA is targeted are on Booktok. So you may have to live with that for the indeterminate future.",books,https://www.reddit.com/r/books/comments/ypdq5s/i_really_hate_the_direction_in_which_ya_books_are/,2qh4i,ypdq5s
232,"Hiya! Bookseller here üìñ I agree with you mostly, we just have to be careful with what YA actually means - YA (Young Adult) usually means coming of Age stories, the characters being in highschool usually and finding out who they are - Love, Simon, for example. What you are talking about is probably NA (New Adult), those are usually Colleen Hoovers works, Ali Hazelwood, stuff like that. Those have turned into one big puddle of the same thing, I agree. The sad thing is, that many bookstores muddle YA and NA together, don‚Äôt know the difference or just choose to ignore it and label NA YA when it‚Äôs really not. Also, Booktok is overrun by NA readers, dark mafia romance type stuff. Which, if you like it, i‚Äôm happy for you, enjoy your next read! If you don‚Äôt though, and are just on booktok to find recommendations, it‚Äôs easy to be advertised books as something they aren‚Äôt. So, what i‚Äôm saying is this: It‚Äôs hard to find the right book by just following the popular trends nowadays. Many bookstores have to have the bestsellers, Top reads and new arrivals. If you don‚Äôt like those, feel free to dig deeper! ask people working there if there‚Äôs someone who‚Äôs an expert on the genre you want to read - believe me, we‚Äôre always happy to help, especially with our favorite genre we get really excited, and please please say No when you don‚Äôt like one book. We‚Äôll keep digging and find something you like. If you don‚Äôt want to ask people working there for help (understandably, it‚Äôs scary sometimes haha), take the time to visit goodreads online, that usually helps me. Look up current trends, read the reviews (i usually read the negative ones first, they‚Äôre more honest and less blinded) and then pick out what you like! I hope i could help, and i hope you find your next amazing read soon! ‚ò∫Ô∏è

If you want book recommendations, i‚Äôm open to chat <3",books,https://www.reddit.com/r/books/comments/ypdq5s/i_really_hate_the_direction_in_which_ya_books_are/,2qh4i,ypdq5s
233,"Tbh I don‚Äôt think this is a YA issue so much as a ‚Äògetting your book recommendations from tiktok‚Äô issue.

When I was a teen I would just go to the library‚Äôs YA section and browse for whatever seemed to interest me and found plenty of books that weren‚Äôt shitty fantasy smut read and I still do the same now as an adult when I‚Äôm in the mood to read something light. I‚Äôll go the YA section of my library and just see what catches my eye and I‚Äôve managed to find plenty of good, recently published YA that has nothing to do with romance or smut. Some favourite YA authors I‚Äôve found have been Elizabeth Acevedo and Alice Oseman.

Also Ali Hazelwood isn‚Äôt YA but writes firmly in the adult romance genre which‚Ä¶ ya‚Äôknow is gonna be primarily focused on romance and smut. Idk why you think an adult romance could be YA but I would probably stop following anyone who suggests such and stop following booktok recs.",books,https://www.reddit.com/r/books/comments/ypdq5s/i_really_hate_the_direction_in_which_ya_books_are/,2qh4i,ypdq5s
234,"Librarian here. Here are some well loved books (YA and Adult) that you may enjoy.

The Blue Sword

The House on Mango Street

Howl‚Äôs Moving Castle

The Moon is a Harsh Mistress

Confederacy of Dunces

Little Women

A Wrinkle in Time

The Hitchhiker‚Äôs Guide to the Galaxy

Stranger In A Strange Land

Dune

The Hunger Games

The Fault in Our Stars

The Hobbit

The Lord of the Rings

The Golden Compass

Lord of the Flies

The Martian

The Curious Incident of the Dog in the Night-Time

Tuck Everlasting

The Hate U Give

A Wizard of Earthsea

Miss Peregrine's Home for Peculiar Children

Parable of a Sower

The Perks of Being A Wallflower

Holes

The Catcher in the Rye

Station Eleven

The Night Circus

Ender‚Äôs Game

Dragonsong

Pride and Prejudice

Ready Player One

Jurassic Park

Eaters of the Dead

A Tree Grows in Brooklyn

The Fifth Season

Stardust

Good Omens

Life of Pi

Extremely Loud and Incredibly Close",books,https://www.reddit.com/r/books/comments/ypdq5s/i_really_hate_the_direction_in_which_ya_books_are/,2qh4i,ypdq5s
235,"If you read romance novels they‚Äôre going to be marketed to fit tropes. It‚Äôs just how romance works, YA or otherwise. There is nothing wrong with sexy books for a female readership, it‚Äôs been judged harshly for decades. It‚Äôs clearly not for you (and was never for me either.) Sadly publishing markets to trends more than ever, and if you‚Äôre not in lockstep with what‚Äôs trendy you‚Äôre not going to enjoy the current offerings.

I‚Äôd try not to get hung up on genre and search out books that speak to you. YA wasn‚Äôt even a category when I was a teenager and we still found our books. What sort of stories are you interested in? For modern poetry I‚Äôd recommend Dearly by Margaret Atwood. If you want a great fantasy, Diana Wynne Jones edges into younger YA. Susan Cooper‚Äôs Dark is Rising books are children‚Äôs but are so well written teens and adults enjoy them. The Book of Lost Things by John Connolly is great too. If you want to try a weird and magical old romance, I Capture the Castle by Dodie Smith is a classic.",books,https://www.reddit.com/r/books/comments/ypdq5s/i_really_hate_the_direction_in_which_ya_books_are/,2qh4i,ypdq5s
236,"I think another thing that might be relevant to the smut part of the discussion is that multiple authors have over the last years spoken out about getting marketed/shelved as YA, even though they write adult fiction. Interestingly this happened a lot with female or non-white authors who write books with diverse casts that for some reason seem to end up on YA shelves instead of general SFF even if the protagonist is a 40 year old man. Even Sarah K Maas series like ACOTAR are ""new adult"" according to her, for the readerbase 18-25 or sth similar, which is why they contain smut, but both my local library and bookstore shelve it right next to the Percy Jackson and skullduggery pleasant books.

Also as a 27yo who still reads the occassional ya book if it sounds interesting (also i like to know what im gifting to my teenage nieces), there absolutely are great ya books out there if you don't only look at this weeks tiktok trends.

(Also interesting maybe, r/hobbydrama had a nice writeup a few weeks back of how the author of lightlark marketed her absolutely atrociously bad book extremely successful on tiktok and instagram by acting like she was one of them who made it to big publishing even though she had contacts and in general appealing to the tiktok book aesthetic with trope videos etc. It can be found Hereand might add some context to how some seemingly bad books get so extremely popular on social media",books,https://www.reddit.com/r/books/comments/ypdq5s/i_really_hate_the_direction_in_which_ya_books_are/,2qh4i,ypdq5s
237,"Ali Hazelwood does not write YA novels. She writes contemporary ‚Äòromcom‚Äô books. Very simplistic romance. Half of the books you‚Äôre referring to are actually just ‚Äòadult‚Äô fiction. They‚Äôre the new Mills and Boon type books.

You don‚Äôt have to read YA fiction. You can read whatever you want now. There are also plenty of YA books that don‚Äôt do any of this, they‚Äôre just not heavily marketed on social media platforms like Tiktok.

Why don‚Äôt you read more adult fiction instead? You might find something you like more than the typical YA book.",books,https://www.reddit.com/r/books/comments/ypdq5s/i_really_hate_the_direction_in_which_ya_books_are/,2qh4i,ypdq5s
238,"You're reading new adult, not ya.",books,https://www.reddit.com/r/books/comments/ypdq5s/i_really_hate_the_direction_in_which_ya_books_are/,2qh4i,ypdq5s
239,"As others have said, I think the issue is more with where you are getting your reading list from than a general publishing trend.

As a general rule I feel like it's safe to say that tiktok is a dumpster-fire of lowest common denominator rubbish, and shouldn't be taken seriously. (Not just for books but for literally everything).

Social media in general is plagued by pointless trends and second-rate knockoffs of popular things. Libraries and publisher's newsletters are a better alternative for finding good stuff that's being published at the moment. Even just browsing physically in a bookstore (if you're lucky enough to have one near you) would be a much better approach.",books,https://www.reddit.com/r/books/comments/ypdq5s/i_really_hate_the_direction_in_which_ya_books_are/,2qh4i,ypdq5s
240,"I feel like I've read plenty of YA this year and none of them have been smutty. Maybe you're looking for recommendations in the wrong place. Smut has become increasingly popular and normalised (which in itself is actually good because women shouldn't be ashamed of their sexuality, as has previously been the norm), so it makes sense that booktok is full of smutty recs.

PS. You're right that Ali Hazelwood is a one trick pony, but she's not a YA author.",books,https://www.reddit.com/r/books/comments/ypdq5s/i_really_hate_the_direction_in_which_ya_books_are/,2qh4i,ypdq5s
241,"This is really interesting yes, as for Aragorn's oath to Arwen, which he never drifts from, or refusing to enter Minas Tirith before being recognized by its people and then taking oath by being crowned. And the ""man"" is pretty invincible. He also releases the army of the dead by considering their oath fulfilled, and the are immediately freed from this no life of pain.

It extends to early ages, with the ""treason"" of Fe√§nor or even Melkor, whose powers ""shrinked"" (the same thing happened to Mairon/Sauron) gradually as he was doing more and more things going against Eru's vision or the Valar's will.

It is explained that being evil or using powers going against nature consumes them. But the process is linked to them again parting from a scheme and breaking an oath, spoken or not.

So good theory you have here. Oaths and vows seems to have a real value with immediate and dire consequences if broken, and not just moral necessities to be fulfilled.",books,https://www.reddit.com/r/books/comments/ypfp4j/oath_breaking_in_lord_of_the_rings/,2qh4i,ypfp4j
242,"I can‚Äôt really think of any oath breakers that made it out okay in the end come to think of it. Good observation!

I know it‚Äôs considered trite at this point by some but there‚Äôs something beautiful about the way Tolkien discusses morality, both fiction and non fiction.",books,https://www.reddit.com/r/books/comments/ypfp4j/oath_breaking_in_lord_of_the_rings/,2qh4i,ypfp4j
243,"Yes, Oaths seem to have a power of sorts in Tolkien's world. Feanor and his sons oath to restore the Silmarils is not one they break, but pursuing it causes much misery, especially regarding infighting amongst the elves. Breaking an oath has terrible implications and swearing the wrong oath can do too. Truly not a thing to be trifled with.",books,https://www.reddit.com/r/books/comments/ypfp4j/oath_breaking_in_lord_of_the_rings/,2qh4i,ypfp4j
244,"Doesn't Beregond break his oath in the book, and is only technically punished.",books,https://www.reddit.com/r/books/comments/ypfp4j/oath_breaking_in_lord_of_the_rings/,2qh4i,ypfp4j
245,"Idk, Gimli swears to give Frodo his axe, but he never does.

He gives it to a bunch of orcs instead.",books,https://www.reddit.com/r/books/comments/ypfp4j/oath_breaking_in_lord_of_the_rings/,2qh4i,ypfp4j
246,Where do you find these wives that you can have in-depth lord of the rings discussions with? ü•≤,books,https://www.reddit.com/r/books/comments/ypfp4j/oath_breaking_in_lord_of_the_rings/,2qh4i,ypfp4j
247,I thought that Sam is taken to valinor because he was actually a ring bearer.,books,https://www.reddit.com/r/books/comments/ypfp4j/oath_breaking_in_lord_of_the_rings/,2qh4i,ypfp4j
248,That is very interesting! I didn't think about Boromir's oath-breaking because of his heroics afterward but it is true. Does Sam's various promises to keep Frodo going/even carry him a kind of oath? I think it is so fitting he got to go to Valinor as well.,books,https://www.reddit.com/r/books/comments/ypfp4j/oath_breaking_in_lord_of_the_rings/,2qh4i,ypfp4j
249,"Similar to the hospitality curse in game of thrones, there is a reason that even podunk lord's take guest rights seriously

Every Frey was doomed after the red wedding",books,https://www.reddit.com/r/books/comments/ypfp4j/oath_breaking_in_lord_of_the_rings/,2qh4i,ypfp4j
250,"Saruman isn‚Äôt under oath technically, but the Istari are on a mission of the Valar which seems of similar importance to me. It is said their memories of their life in Valinor would be hazy to them and that should they stray from their mission, they would lose them entirely.

He did indeed stray from his mission but so did Radegast for example, though not for any evil purpose.

At any rate, oaths are definitely important in LotR and even more so depending on the name or power it is bound too.",books,https://www.reddit.com/r/books/comments/ypfp4j/oath_breaking_in_lord_of_the_rings/,2qh4i,ypfp4j
251,"Hehe he is! Recently I watched a korean movie Burning a friend recommended to me. After I finished watching I was thinking ""what a murakami movie"" without knowing it is based on a story written by him. The weird sex and the unpredictable femme fatale gave it away.",books,https://www.reddit.com/r/books/comments/yphu2m/im_halfway_through_1q84_its_my_first_murakami_is/,2qh4i,yphu2m
252,"I‚Äôve read Colorless Tsukuru Tazaki, The Wind-Up Bird Chronicle, and Killing Commendatore. In each of these books, the male protagonist is extremely passive and relies upon strange forceful women to urge him into doing anything. In the latter 2, their wives leave them and the circumstances are vague and strange as well. I do wonder how much might be lost in translation, but also Murakami seems to create situations where the protagonist has a very, very awkward thought process around extreme sexual situations: sisters and puberty, r*pe facilitated through dreams, young girls talking about their own breasts in an unrealistic fashion. It‚Äôs not quite formulaic but he definitely has strong central themes he returns to in most of his works, from what I can tell so far. I find that some of the magical elements can get pretty cheesy at times, too, but I particularly loved Killing Commendatore when remembering how it was a deliberate homage to The Great Gatsby. I think he‚Äôs worth reading, because these tales are obviously very imaginative and The Wind-Up Bird Chronicle feels ‚Äòepic‚Äô for the span of time it covers. He may rely too much upon his own invented tropes, which is why I‚Äôm spacing out getting into some of his other works on my list. I haven‚Äôt read 1Q84, but I‚Äôm not surprised that you‚Äôre coming away with similar thoughts that I had regarding these 3 books.",books,https://www.reddit.com/r/books/comments/yphu2m/im_halfway_through_1q84_its_my_first_murakami_is/,2qh4i,yphu2m
253,"Yes, he's always like this. I generally put up with it because i love his work other than that issue",books,https://www.reddit.com/r/books/comments/yphu2m/im_halfway_through_1q84_its_my_first_murakami_is/,2qh4i,yphu2m
254,"It's a frequent complaint. Sadly (funny?) when Y≈çko Ogawa's Memory Police got translated into English, I read a review that said something along the lines of ""imagine Murakami's prose, but if he could write women and not be obsessed with male gaze."" In the reviewer's defense, it did get me to read Memory Police, which is a damn good book. Murakami's name outside of Japan seems like the ""known"" Japanese author so it makes sense that a lot of other authors get compared to him. But, yea, part of his prose's weakness is oddly written women and male gaze/lechery-ick. There is a lot going for his prose and creativity that counterbalance the scales, but in the end, yes, your observation is more or less true.",books,https://www.reddit.com/r/books/comments/yphu2m/im_halfway_through_1q84_its_my_first_murakami_is/,2qh4i,yphu2m
255,"If I had an award, I would give it to you for that title",books,https://www.reddit.com/r/books/comments/yphu2m/im_halfway_through_1q84_its_my_first_murakami_is/,2qh4i,yphu2m
256,Murakami does this often. r/menwritingwomen is full of him. I generally appreciate Murakami and loved 1Q84 but he's oddly clunky when writing sexual thoughts and depictions.,books,https://www.reddit.com/r/books/comments/yphu2m/im_halfway_through_1q84_its_my_first_murakami_is/,2qh4i,yphu2m
257,"Ohhhh yes.

1Q84 is really ambitious for your first Murakami. I hope you‚Äôre enjoying it! It took me sooooo long to finish them.",books,https://www.reddit.com/r/books/comments/yphu2m/im_halfway_through_1q84_its_my_first_murakami_is/,2qh4i,yphu2m
258,"Have only read Hardboiled Wonderland of him and must say:

What a masterful, genius, full of crazy ideas book this is - minus weird sex and a pinch of mysoginy?`I'm not entirely sure.

But yes, I think the general concensus is that Murakami is both a genius writer and has a problem and can only really enjoyed if you're willing to overlook this problem.

I'm fine with that. Most of Science fiction has similar problems, especially older books. As long as we don't pretend these works are flawless, its fine to enjoy them.",books,https://www.reddit.com/r/books/comments/yphu2m/im_halfway_through_1q84_its_my_first_murakami_is/,2qh4i,yphu2m
259,I only read Norwegian Wood but the protagonist of that book fucks every female character in the book,books,https://www.reddit.com/r/books/comments/yphu2m/im_halfway_through_1q84_its_my_first_murakami_is/,2qh4i,yphu2m
260,"Idk his books always instilled a deep sense of loneliness in me.

That over the top hornyness and out of place sexual arousal just seemed to me in the mood and out of a deep desire for affection.

Or I might just be projecting something onto the books to make them better.",books,https://www.reddit.com/r/books/comments/yphu2m/im_halfway_through_1q84_its_my_first_murakami_is/,2qh4i,yphu2m
261,They're dwarves and not dwarfs because of 1 man,books,https://www.reddit.com/r/books/comments/yp4kog/can_you_think_of_any_grammatical_quirks_that/,2qh4i,yp4kog
262,"Frank Herbert in Dune often skips an ""and"" that you would normally expect to be there. For example:

A gentle draft feathered her cheeks, stirred her hair.

and

Paul glanced at his father, back to Hawat, ventured a question.",books,https://www.reddit.com/r/books/comments/yp4kog/can_you_think_of_any_grammatical_quirks_that/,2qh4i,yp4kog
263,"I think I could pick out Robert Jordan's writing from the number of em dashes mid sentence. Especially the ones that have multiple sentences inside them, but the outer sentence continues like normal afterward.",books,https://www.reddit.com/r/books/comments/yp4kog/can_you_think_of_any_grammatical_quirks_that/,2qh4i,yp4kog
264,"This is a quote from a work I‚Äôve never read by a writer I know pretty well. I‚Äôll bet a lot of you can guess the author easily:

I'm terribly sorry I brought you along, Nickie,' said his father, all his post-operative exhilaration gone. 'It was an awful mess to put you through.'
'Do ladies always have such a hard time having babies?' Nick asked.
'No, that was very, very exceptional.'
'Why did he kill himself, Daddy?'
I don't know, Nick. He couldn't stand things, I guess.'
'Do many men kill themselves, Daddy?'
'Not very many, Nick.'
'Do many women?'
'Hardly ever.'
'Don't they ever?'
'Oh, yes. They do sometimes.'
'Daddy?'
'Yes.'
'Where did Uncle George go?'
'He'll turn up all right.'
'Is dying hard, Daddy?'
'No, I think it's pretty easy, Nick. It all depends.'

Answer- It‚Äôs from Indian Camp, a short story by Ernest Hemingway.",books,https://www.reddit.com/r/books/comments/yp4kog/can_you_think_of_any_grammatical_quirks_that/,2qh4i,yp4kog
265,Hahaha yeah there's a great McCarthy quote where he says something about not liking a whole lot of squiggly lines across his page lol,books,https://www.reddit.com/r/books/comments/yp4kog/can_you_think_of_any_grammatical_quirks_that/,2qh4i,yp4kog
266,Uh great question. There are certain authors whose tone I could possibly distinguish. The most obvious to me is the author of Trainspotting Irvine Welsh üòÇ but also Kerouac and others using a stream of consciousness style. Virginia Woolf.,books,https://www.reddit.com/r/books/comments/yp4kog/can_you_think_of_any_grammatical_quirks_that/,2qh4i,yp4kog
267,"if you're into portuguese literature, Jos√© Saramago barely uses any punctuation marks. its a true challenge and his books are amazing.",books,https://www.reddit.com/r/books/comments/yp4kog/can_you_think_of_any_grammatical_quirks_that/,2qh4i,yp4kog
268,Henry James is obsessed with punctuation to an unhealthy (and near-unreadable) degree.,books,https://www.reddit.com/r/books/comments/yp4kog/can_you_think_of_any_grammatical_quirks_that/,2qh4i,yp4kog
269,"I read the short story ""A House to Let"" co-written by four Victorian best-selling writers and was delighted that I could easily pick out the bits by Charles Dickens, Wilkie Collins, and Elizabeth Gaskell. (Sorry, Adelaide Anne Proctor, maybe I'll get around to reading your novels someday).",books,https://www.reddit.com/r/books/comments/yp4kog/can_you_think_of_any_grammatical_quirks_that/,2qh4i,yp4kog
270,"Thanks for joining, everyone! I hope you can pick up a copy of The Icepick Surgeon and my other books...
http://samkean.com/books/the-icepick-surgeon/",books,https://www.reddit.com/r/books/comments/yp4kog/can_you_think_of_any_grammatical_quirks_that/,2qh4i,yp4kog
271,Hi sam! What's your writing routine? What kind of stories do you enjoy reading the most?,books,https://www.reddit.com/r/books/comments/ypt97m/im_sam_kean_author_of_the_icepick_surgeon_among/,2qh4i,ypt97m
272,"We have about fifteen minutes left. If you have some lingering questions, or want to ask another, now's the time!",books,https://www.reddit.com/r/books/comments/ypt97m/im_sam_kean_author_of_the_icepick_surgeon_among/,2qh4i,ypt97m
273,Which physicist should be as well known as Einstein and Hawking are?,books,https://www.reddit.com/r/books/comments/ypt97m/im_sam_kean_author_of_the_icepick_surgeon_among/,2qh4i,ypt97m
274,"I've really enjoyed your several books, thank you!

I am a science teacher and love your delivery of complicated material. I wonder how you might envision taking the next step in learning complex content. For example, I need to teach a lot of math to teach chemistry, and I lose a lot of student's enthusiasm for science (enthusiasm that your books to a great job of expanding) as soon as I make that transition.



I also currently work with one of your previous professors who speaks very highly of you and your work too.",books,https://www.reddit.com/r/books/comments/ypt97m/im_sam_kean_author_of_the_icepick_surgeon_among/,2qh4i,ypt97m
275,"Hello, Mr. Kean! I enjoyed The Disappearing Spoon very much, and the information on Nikola Tesla. What do you consider your best Internet-available source for research?",books,https://www.reddit.com/r/books/comments/ypt97m/im_sam_kean_author_of_the_icepick_surgeon_among/,2qh4i,ypt97m
276,"Hey, everyone, thanks for stopping by! We'll kick things off in about four minutes here. Drop in your questions whenever...",books,https://www.reddit.com/r/books/comments/ypt97m/im_sam_kean_author_of_the_icepick_surgeon_among/,2qh4i,ypt97m
277,How common are patterns of similarities of behavior (or anything else) for elements with numbers close to one another (close ion counts) and what are some of them?,books,https://www.reddit.com/r/books/comments/ypt97m/im_sam_kean_author_of_the_icepick_surgeon_among/,2qh4i,ypt97m
278,"Hey Sam! Loved reading all your books so far! I'm constantly recommending your books to scientists and laypeople alike.

What do you have planned for your next publication? How do you settle on a topic?",books,https://www.reddit.com/r/books/comments/ypt97m/im_sam_kean_author_of_the_icepick_surgeon_among/,2qh4i,ypt97m
279,"Hi! Loved reading The Disappearing Spoon, and wish that I'd known about it back when I was taking chemistry.

How do you approach topics that sound interesting, but that you don't have a background in? Often, when I look up some scientific research paper out of curiosity, it all just goes way over my head. Do you have any system for breaking it down?",books,https://www.reddit.com/r/books/comments/ypt97m/im_sam_kean_author_of_the_icepick_surgeon_among/,2qh4i,ypt97m
280,I messaged you,books,https://www.reddit.com/r/books/comments/ypt97m/im_sam_kean_author_of_the_icepick_surgeon_among/,2qh4i,ypt97m
281,"Heinlein‚Äôs Starship Troopers is often misrepresented. It‚Äôs provocative, to be sure, but it‚Äôs a book about civic duty, not fascism. The movie is entirely different.

I‚Äôll go with George Orwell‚Äôs Animal Farm. Although it‚Äôs a direct allegory of the Soviet revolution, it contains universal lessons about how rights can be taken:

No one believes more firmly than Comrade Napoleon that all animals are equal. He would be only too happy to let you make your decisions for yourselves. But sometimes you might make the wrong decisions, comrades, and then where should we be?

I‚Äôll also go with a work of non-fiction, History of Rome, by Theodor Mommsen. Watching the fall of the Roman republic is sad. And it‚Äôs really all about civic duty going out of style. It‚Äôs scary how relevant it is to the potential decline of the American republic.",books,https://www.reddit.com/r/books/comments/yplqd4/what_book_changed_your_mind_about_civic_duty_or/,2qh4i,yplqd4
282,"The Fifth Risk by Michael Lewis was a great deep dive into some of the US Government's agencies (Energy, Agriculture, and Commerce), the important yet unnoticed work they do, and some of the individuals making a difference in our country without any fame, fortune, and often even credit. It is a treatise on the importance of civic education, engagement, duty and public service.",books,https://www.reddit.com/r/books/comments/yplqd4/what_book_changed_your_mind_about_civic_duty_or/,2qh4i,yplqd4
283,"Postwar: A History of Europe Since 1945 by Tony Judt decidedly improved my opinion of moderation, compromise, and pragmatism over ideology as political virtues. It‚Äôs a kinda conservative book in that way, despite the social democrats being the agents of that keeping society steady and calm, and the author despising Thatcher and Blair.",books,https://www.reddit.com/r/books/comments/yplqd4/what_book_changed_your_mind_about_civic_duty_or/,2qh4i,yplqd4
284,"Atlas Shrugged

I grew up seriously right wing (I listened to Mark Levin on the daily). The people around me sung the praises of this book to no end so I read it. I came out thinking this must be a parody, right? It has to be a warning not to follow capitalism to it's late stage apocalyptic ends, right? Nope, people see it as some sort of utopia. It made me realize that we all night to fight against the Right to better the country for all of us.",books,https://www.reddit.com/r/books/comments/yplqd4/what_book_changed_your_mind_about_civic_duty_or/,2qh4i,yplqd4
285,Tim Snyder‚Äôs The Road to Unfreedom is so on point right now it hurts.,books,https://www.reddit.com/r/books/comments/yplqd4/what_book_changed_your_mind_about_civic_duty_or/,2qh4i,yplqd4
286,"The Athenian Democracy in the Age of Demosthenes by Mogens Herman Hansen (tr. J. A. Cook from Danish) (1991, Blackwell)

From the back cover: The system of government in classical Athens in the fifth and fourth centuries BC has provided the world with the most famous and perhaps the most perfect example of direct democracy. When democratic rule was ended by the conquering Macedonians in 322, the Athenians had evolved principles and practice of democratic ideology that became the direct inspiration of those liberal ideals cherished by the Western world in the nineteenth and twentieth centuries.

Athenian democracy ended in 322 despite having dried every ad hoc prop that the Western world is NOW trying. Democracy was a failure then and democracy is a failure now.

Only the Fourty Tyrants actually practiced majority rule, while the citizens elected through sortition lottery using a lottery machine kloterion and voter identifications pinakia.",books,https://www.reddit.com/r/books/comments/yplqd4/what_book_changed_your_mind_about_civic_duty_or/,2qh4i,yplqd4
287,"Reading Lolita in Teheran by Azar Nafisi is a powerful story about the importance of literature and how it is immediately tied to democracy.

In this memoir, the author describes how she, an English Professor in Iran, formed a book club with some of her former students in which they read and discuss forbidden novels, such as Lolita or Pride and Prejudice. Highly recommend!",books,https://www.reddit.com/r/books/comments/yplqd4/what_book_changed_your_mind_about_civic_duty_or/,2qh4i,yplqd4
288,"The Wisdom of Crowds - although probably not in the way you think.

The book is an examination of decision markets and how they can be properly (or improperly) structured to yield good or bad decision-making. While it doesn't really address voting directly, it helps you abandon the naive notion of voting as 'rights' or 'responsibilities' and think of it instead in terms of systems.",books,https://www.reddit.com/r/books/comments/yplqd4/what_book_changed_your_mind_about_civic_duty_or/,2qh4i,yplqd4
289,"America got to this point because people got too apathetic to take an active role in their democratic system. If you leave the seats of power empty, the parasites will find a use for them where you did not.

And presidential elections and midterms are not a silver bullet for ignoring civid duty for another few years. If you want it to work, take an interest in everything from local elections all the way to the highest office.",books,https://www.reddit.com/r/books/comments/yplqd4/what_book_changed_your_mind_about_civic_duty_or/,2qh4i,yplqd4
290,The Strom before the Strom. It is about how the traditions that help the Roman Republic eroded leading to the collapse of the Republic. My big take away is weaponization of political checks such as the veto can lead instability in the system.,books,https://www.reddit.com/r/books/comments/yplqd4/what_book_changed_your_mind_about_civic_duty_or/,2qh4i,yplqd4
291,"I absolutely agree with your assessment. It is one of my all time favorite books and I still recommend it regularly. I haven't read it in a while. Feels like it's time to pick it up again. Also, I would recommend you check out books by Michael Shermer. He has several books on the topics of pseudoscience, misinformation, and why people believe it.",books,https://www.reddit.com/r/books/comments/ypyp70/the_demon_haunted_word_by_carl_sagan/,2qh4i,ypyp70
292,"The majority of people are extremely bad at understanding that sometimes short term sacrifices have to be made for long term gain. Look at the political system, its completely geared towards planning for the next 4 years and no further. Politicians who tell you that they aren't going to solve problems now, because everyone will be better off in 30 years time, those guys won't last very long.

Until we find a political system that has the benefits of a dictatorship without the corruption of power the majority who want a short term payoff at the expense of long term gain will always win.

The scenery might change, but the storyline will be the same.",books,https://www.reddit.com/r/books/comments/ypyp70/the_demon_haunted_word_by_carl_sagan/,2qh4i,ypyp70
293,"I have nothing interesting to add, other than I just started this one yesterday. It‚Äôs phenomenal so far. I also have Starry Messenger by Neil deGrasse Tyson on my TBR.",books,https://www.reddit.com/r/books/comments/ypyp70/the_demon_haunted_word_by_carl_sagan/,2qh4i,ypyp70
294,I found this book more heartbreaking to read now than twenty years ago.,books,https://www.reddit.com/r/books/comments/ypyp70/the_demon_haunted_word_by_carl_sagan/,2qh4i,ypyp70
295,"This was required reading in my Philosophy of Science in college. As corny as it sounds, this book changed my life.",books,https://www.reddit.com/r/books/comments/ypyp70/the_demon_haunted_word_by_carl_sagan/,2qh4i,ypyp70